aten_op,input_shapes,calls,self_gpu_time_us,self_gpu_pct,avg_us_per_call
aten::cat,"[[], []]",5373,647694.1,45.66,120.55
aten::addmm,"[[768], [512, 3072], [3072, 768], [], []]",2388,54677.5,3.85,22.90
aten::addmm,"[[3072], [512, 768], [768, 3072], [], []]",2388,41078.8,2.90,17.20
aten::mul,"[[512, 1, 3072], []]",7164,39730.7,2.80,5.55
aten::addmm,"[[2304], [512, 768], [768, 2304], [], []]",2388,37190.3,2.62,15.57
aten::addmm,"[[768], [512, 768], [768, 768], [], []]",2388,29377.0,2.07,12.30
aten::native_layer_norm,"[[512, 1, 768], [], [768], [768], []]",4975,28993.8,2.04,5.83
aten::copy_,"[[512, 50257], [512, 50257], []]",597,25948.5,1.83,43.46
aten::mm,"[[512, 768], [768, 50257]]",199,24513.7,1.73,123.18
aten::add,"[[512, 1, 768], [512, 1, 768], []]",4975,24015.0,1.69,4.83
aten::where,"[[50257], [], [512, 50257]]",796,22058.6,1.55,27.71
aten::tanh,"[[512, 1, 3072]]",2388,21956.0,1.55,9.19
aten::mul,"[[512, 1, 3072], [512, 1, 3072]]",2388,16264.6,1.15,6.81
aten::add,"[[512, 1, 3072], [], []]",2388,15490.6,1.09,6.49
aten::add,"[[512, 1, 3072], [512, 1, 3072], []]",2388,14864.2,1.05,6.22
aten::pow,"[[512, 1, 3072], []]",2388,12211.7,0.86,5.11
aten::argmax,"[[512, 50257], [], []]",199,8592.3,0.61,43.18
aten::fill_,"[[512], []]",598,2873.8,0.20,4.81
aten::any,"[[50257, 1], [], []]",398,2825.3,0.20,7.10
aten::arange,"[[], [], [], [0]]",597,2815.4,0.20,4.72
aten::_flash_attention_forward,"[[512, 1, 12, 64], [512, 207, 12, 64], [512, 207, 12, 64], [], [], [], [], [], [], [], [], [], [], [], []]",12,2584.5,0.18,215.38
aten::_flash_attention_forward,"[[512, 1, 12, 64], [512, 196, 12, 64], [512, 196, 12, 64], [], [], [], [], [], [], [], [], [], [], [], []]",12,2581.0,0.18,215.08
aten::_flash_attention_forward,"[[512, 1, 12, 64], [512, 199, 12, 64], [512, 199, 12, 64], [], [], [], [], [], [], [], [], [], [], [], []]",12,2579.9,0.18,214.99
aten::_flash_attention_forward,"[[512, 1, 12, 64], [512, 203, 12, 64], [512, 203, 12, 64], [], [], [], [], [], [], [], [], [], [], [], []]",12,2579.6,0.18,214.97
aten::_flash_attention_forward,"[[512, 1, 12, 64], [512, 201, 12, 64], [512, 201, 12, 64], [], [], [], [], [], [], [], [], [], [], [], []]",12,2579.2,0.18,214.93
aten::_flash_attention_forward,"[[512, 1, 12, 64], [512, 204, 12, 64], [512, 204, 12, 64], [], [], [], [], [], [], [], [], [], [], [], []]",12,2579.0,0.18,214.91
aten::_flash_attention_forward,"[[512, 1, 12, 64], [512, 197, 12, 64], [512, 197, 12, 64], [], [], [], [], [], [], [], [], [], [], [], []]",12,2578.7,0.18,214.89
aten::_flash_attention_forward,"[[512, 1, 12, 64], [512, 205, 12, 64], [512, 205, 12, 64], [], [], [], [], [], [], [], [], [], [], [], []]",12,2578.7,0.18,214.89
aten::_flash_attention_forward,"[[512, 1, 12, 64], [512, 198, 12, 64], [512, 198, 12, 64], [], [], [], [], [], [], [], [], [], [], [], []]",12,2578.3,0.18,214.86
aten::_flash_attention_forward,"[[512, 1, 12, 64], [512, 206, 12, 64], [512, 206, 12, 64], [], [], [], [], [], [], [], [], [], [], [], []]",12,2578.0,0.18,214.83
aten::_flash_attention_forward,"[[512, 1, 12, 64], [512, 195, 12, 64], [512, 195, 12, 64], [], [], [], [], [], [], [], [], [], [], [], []]",12,2577.4,0.18,214.78
aten::_flash_attention_forward,"[[512, 1, 12, 64], [512, 202, 12, 64], [512, 202, 12, 64], [], [], [], [], [], [], [], [], [], [], [], []]",12,2575.8,0.18,214.65
aten::_flash_attention_forward,"[[512, 1, 12, 64], [512, 194, 12, 64], [512, 194, 12, 64], [], [], [], [], [], [], [], [], [], [], [], []]",12,2575.8,0.18,214.65
aten::_flash_attention_forward,"[[512, 1, 12, 64], [512, 200, 12, 64], [512, 200, 12, 64], [], [], [], [], [], [], [], [], [], [], [], []]",12,2574.8,0.18,214.57
aten::_flash_attention_forward,"[[512, 1, 12, 64], [512, 193, 12, 64], [512, 193, 12, 64], [], [], [], [], [], [], [], [], [], [], [], []]",12,2572.4,0.18,214.37
aten::bitwise_and,"[[512], [512]]",199,2448.0,0.17,12.30
aten::eq,"[[50257, 1], [1, 1]]",398,2339.0,0.16,5.88
aten::_flash_attention_forward,"[[512, 1, 12, 64], [512, 191, 12, 64], [512, 191, 12, 64], [], [], [], [], [], [], [], [], [], [], [], []]",12,2060.6,0.15,171.72
aten::_flash_attention_forward,"[[512, 1, 12, 64], [512, 189, 12, 64], [512, 189, 12, 64], [], [], [], [], [], [], [], [], [], [], [], []]",12,2058.2,0.15,171.52
aten::_flash_attention_forward,"[[512, 1, 12, 64], [512, 188, 12, 64], [512, 188, 12, 64], [], [], [], [], [], [], [], [], [], [], [], []]",12,2057.2,0.15,171.44
aten::_flash_attention_forward,"[[512, 1, 12, 64], [512, 187, 12, 64], [512, 187, 12, 64], [], [], [], [], [], [], [], [], [], [], [], []]",12,2057.0,0.15,171.42
aten::_flash_attention_forward,"[[512, 1, 12, 64], [512, 190, 12, 64], [512, 190, 12, 64], [], [], [], [], [], [], [], [], [], [], [], []]",12,2056.4,0.14,171.37
aten::_flash_attention_forward,"[[512, 1, 12, 64], [512, 184, 12, 64], [512, 184, 12, 64], [], [], [], [], [], [], [], [], [], [], [], []]",12,2056.3,0.14,171.36
aten::_flash_attention_forward,"[[512, 1, 12, 64], [512, 182, 12, 64], [512, 182, 12, 64], [], [], [], [], [], [], [], [], [], [], [], []]",12,2054.9,0.14,171.24
aten::_flash_attention_forward,"[[512, 1, 12, 64], [512, 185, 12, 64], [512, 185, 12, 64], [], [], [], [], [], [], [], [], [], [], [], []]",12,2054.7,0.14,171.22
aten::_flash_attention_forward,"[[512, 1, 12, 64], [512, 177, 12, 64], [512, 177, 12, 64], [], [], [], [], [], [], [], [], [], [], [], []]",12,2053.4,0.14,171.12
aten::_flash_attention_forward,"[[512, 1, 12, 64], [512, 181, 12, 64], [512, 181, 12, 64], [], [], [], [], [], [], [], [], [], [], [], []]",12,2053.3,0.14,171.11
aten::_flash_attention_forward,"[[512, 1, 12, 64], [512, 179, 12, 64], [512, 179, 12, 64], [], [], [], [], [], [], [], [], [], [], [], []]",12,2052.9,0.14,171.07
aten::_flash_attention_forward,"[[512, 1, 12, 64], [512, 180, 12, 64], [512, 180, 12, 64], [], [], [], [], [], [], [], [], [], [], [], []]",12,2052.9,0.14,171.07
aten::_flash_attention_forward,"[[512, 1, 12, 64], [512, 186, 12, 64], [512, 186, 12, 64], [], [], [], [], [], [], [], [], [], [], [], []]",12,2052.5,0.14,171.04
aten::_flash_attention_forward,"[[512, 1, 12, 64], [512, 183, 12, 64], [512, 183, 12, 64], [], [], [], [], [], [], [], [], [], [], [], []]",12,2052.1,0.14,171.00
aten::_flash_attention_forward,"[[512, 1, 12, 64], [512, 178, 12, 64], [512, 178, 12, 64], [], [], [], [], [], [], [], [], [], [], [], []]",12,2051.9,0.14,170.99
aten::_flash_attention_forward,"[[512, 1, 12, 64], [512, 172, 12, 64], [512, 172, 12, 64], [], [], [], [], [], [], [], [], [], [], [], []]",12,2049.6,0.14,170.80
aten::_flash_attention_forward,"[[512, 1, 12, 64], [512, 174, 12, 64], [512, 174, 12, 64], [], [], [], [], [], [], [], [], [], [], [], []]",12,2049.4,0.14,170.79
aten::_flash_attention_forward,"[[512, 1, 12, 64], [512, 170, 12, 64], [512, 170, 12, 64], [], [], [], [], [], [], [], [], [], [], [], []]",12,2049.0,0.14,170.75
aten::_flash_attention_forward,"[[512, 1, 12, 64], [512, 175, 12, 64], [512, 175, 12, 64], [], [], [], [], [], [], [], [], [], [], [], []]",12,2048.1,0.14,170.67
aten::_flash_attention_forward,"[[512, 1, 12, 64], [512, 192, 12, 64], [512, 192, 12, 64], [], [], [], [], [], [], [], [], [], [], [], []]",12,2047.6,0.14,170.63
aten::_flash_attention_forward,"[[512, 1, 12, 64], [512, 163, 12, 64], [512, 163, 12, 64], [], [], [], [], [], [], [], [], [], [], [], []]",12,2047.5,0.14,170.63
aten::_flash_attention_forward,"[[512, 1, 12, 64], [512, 168, 12, 64], [512, 168, 12, 64], [], [], [], [], [], [], [], [], [], [], [], []]",12,2047.3,0.14,170.61
aten::_flash_attention_forward,"[[512, 1, 12, 64], [512, 165, 12, 64], [512, 165, 12, 64], [], [], [], [], [], [], [], [], [], [], [], []]",12,2047.2,0.14,170.60
aten::_flash_attention_forward,"[[512, 1, 12, 64], [512, 176, 12, 64], [512, 176, 12, 64], [], [], [], [], [], [], [], [], [], [], [], []]",12,2047.1,0.14,170.59
aten::_flash_attention_forward,"[[512, 1, 12, 64], [512, 173, 12, 64], [512, 173, 12, 64], [], [], [], [], [], [], [], [], [], [], [], []]",12,2046.9,0.14,170.58
aten::_flash_attention_forward,"[[512, 1, 12, 64], [512, 167, 12, 64], [512, 167, 12, 64], [], [], [], [], [], [], [], [], [], [], [], []]",12,2046.7,0.14,170.56
aten::_flash_attention_forward,"[[512, 1, 12, 64], [512, 162, 12, 64], [512, 162, 12, 64], [], [], [], [], [], [], [], [], [], [], [], []]",12,2046.7,0.14,170.56
aten::_flash_attention_forward,"[[512, 1, 12, 64], [512, 164, 12, 64], [512, 164, 12, 64], [], [], [], [], [], [], [], [], [], [], [], []]",12,2046.4,0.14,170.53
aten::_flash_attention_forward,"[[512, 1, 12, 64], [512, 171, 12, 64], [512, 171, 12, 64], [], [], [], [], [], [], [], [], [], [], [], []]",12,2046.2,0.14,170.52
aten::_flash_attention_forward,"[[512, 1, 12, 64], [512, 166, 12, 64], [512, 166, 12, 64], [], [], [], [], [], [], [], [], [], [], [], []]",12,2044.9,0.14,170.41
aten::_flash_attention_forward,"[[512, 1, 12, 64], [512, 169, 12, 64], [512, 169, 12, 64], [], [], [], [], [], [], [], [], [], [], [], []]",12,2044.9,0.14,170.41
aten::_flash_attention_forward,"[[512, 1, 12, 64], [512, 156, 12, 64], [512, 156, 12, 64], [], [], [], [], [], [], [], [], [], [], [], []]",12,2044.5,0.14,170.37
aten::_flash_attention_forward,"[[512, 1, 12, 64], [512, 155, 12, 64], [512, 155, 12, 64], [], [], [], [], [], [], [], [], [], [], [], []]",12,2044.2,0.14,170.35
aten::_flash_attention_forward,"[[512, 1, 12, 64], [512, 161, 12, 64], [512, 161, 12, 64], [], [], [], [], [], [], [], [], [], [], [], []]",12,2043.8,0.14,170.31
aten::_flash_attention_forward,"[[512, 1, 12, 64], [512, 158, 12, 64], [512, 158, 12, 64], [], [], [], [], [], [], [], [], [], [], [], []]",12,2043.2,0.14,170.26
aten::_flash_attention_forward,"[[512, 1, 12, 64], [512, 152, 12, 64], [512, 152, 12, 64], [], [], [], [], [], [], [], [], [], [], [], []]",12,2043.0,0.14,170.25
aten::_flash_attention_forward,"[[512, 1, 12, 64], [512, 159, 12, 64], [512, 159, 12, 64], [], [], [], [], [], [], [], [], [], [], [], []]",12,2042.3,0.14,170.19
aten::_flash_attention_forward,"[[512, 1, 12, 64], [512, 151, 12, 64], [512, 151, 12, 64], [], [], [], [], [], [], [], [], [], [], [], []]",12,2042.2,0.14,170.19
aten::_flash_attention_forward,"[[512, 1, 12, 64], [512, 150, 12, 64], [512, 150, 12, 64], [], [], [], [], [], [], [], [], [], [], [], []]",12,2042.2,0.14,170.18
aten::_flash_attention_forward,"[[512, 1, 12, 64], [512, 145, 12, 64], [512, 145, 12, 64], [], [], [], [], [], [], [], [], [], [], [], []]",12,2042.0,0.14,170.16
aten::_flash_attention_forward,"[[512, 1, 12, 64], [512, 148, 12, 64], [512, 148, 12, 64], [], [], [], [], [], [], [], [], [], [], [], []]",12,2041.6,0.14,170.13
aten::_flash_attention_forward,"[[512, 1, 12, 64], [512, 146, 12, 64], [512, 146, 12, 64], [], [], [], [], [], [], [], [], [], [], [], []]",12,2041.0,0.14,170.08
aten::_flash_attention_forward,"[[512, 1, 12, 64], [512, 160, 12, 64], [512, 160, 12, 64], [], [], [], [], [], [], [], [], [], [], [], []]",12,2040.9,0.14,170.08
aten::_flash_attention_forward,"[[512, 1, 12, 64], [512, 149, 12, 64], [512, 149, 12, 64], [], [], [], [], [], [], [], [], [], [], [], []]",12,2040.8,0.14,170.07
aten::_flash_attention_forward,"[[512, 1, 12, 64], [512, 153, 12, 64], [512, 153, 12, 64], [], [], [], [], [], [], [], [], [], [], [], []]",12,2040.6,0.14,170.05
aten::_flash_attention_forward,"[[512, 1, 12, 64], [512, 154, 12, 64], [512, 154, 12, 64], [], [], [], [], [], [], [], [], [], [], [], []]",12,2040.6,0.14,170.05
aten::_flash_attention_forward,"[[512, 1, 12, 64], [512, 147, 12, 64], [512, 147, 12, 64], [], [], [], [], [], [], [], [], [], [], [], []]",12,2040.2,0.14,170.02
aten::_flash_attention_forward,"[[512, 1, 12, 64], [512, 143, 12, 64], [512, 143, 12, 64], [], [], [], [], [], [], [], [], [], [], [], []]",12,2039.9,0.14,169.99
aten::_flash_attention_forward,"[[512, 1, 12, 64], [512, 157, 12, 64], [512, 157, 12, 64], [], [], [], [], [], [], [], [], [], [], [], []]",12,2039.2,0.14,169.94
aten::_flash_attention_forward,"[[512, 1, 12, 64], [512, 129, 12, 64], [512, 129, 12, 64], [], [], [], [], [], [], [], [], [], [], [], []]",12,2039.1,0.14,169.92
aten::_flash_attention_forward,"[[512, 1, 12, 64], [512, 136, 12, 64], [512, 136, 12, 64], [], [], [], [], [], [], [], [], [], [], [], []]",12,2037.3,0.14,169.78
aten::_flash_attention_forward,"[[512, 1, 12, 64], [512, 139, 12, 64], [512, 139, 12, 64], [], [], [], [], [], [], [], [], [], [], [], []]",12,2037.2,0.14,169.77
aten::_flash_attention_forward,"[[512, 1, 12, 64], [512, 141, 12, 64], [512, 141, 12, 64], [], [], [], [], [], [], [], [], [], [], [], []]",12,2037.1,0.14,169.76
aten::_flash_attention_forward,"[[512, 1, 12, 64], [512, 140, 12, 64], [512, 140, 12, 64], [], [], [], [], [], [], [], [], [], [], [], []]",12,2037.1,0.14,169.76
aten::_flash_attention_forward,"[[512, 1, 12, 64], [512, 144, 12, 64], [512, 144, 12, 64], [], [], [], [], [], [], [], [], [], [], [], []]",12,2037.0,0.14,169.75
aten::_flash_attention_forward,"[[512, 1, 12, 64], [512, 137, 12, 64], [512, 137, 12, 64], [], [], [], [], [], [], [], [], [], [], [], []]",12,2035.6,0.14,169.64
aten::_flash_attention_forward,"[[512, 1, 12, 64], [512, 142, 12, 64], [512, 142, 12, 64], [], [], [], [], [], [], [], [], [], [], [], []]",12,2035.5,0.14,169.63
aten::_flash_attention_forward,"[[512, 1, 12, 64], [512, 138, 12, 64], [512, 138, 12, 64], [], [], [], [], [], [], [], [], [], [], [], []]",12,2034.9,0.14,169.57
aten::_flash_attention_forward,"[[512, 1, 12, 64], [512, 134, 12, 64], [512, 134, 12, 64], [], [], [], [], [], [], [], [], [], [], [], []]",12,2033.7,0.14,169.47
aten::_flash_attention_forward,"[[512, 1, 12, 64], [512, 132, 12, 64], [512, 132, 12, 64], [], [], [], [], [], [], [], [], [], [], [], []]",12,2031.1,0.14,169.26
aten::_flash_attention_forward,"[[512, 1, 12, 64], [512, 131, 12, 64], [512, 131, 12, 64], [], [], [], [], [], [], [], [], [], [], [], []]",12,2030.9,0.14,169.24
aten::_flash_attention_forward,"[[512, 1, 12, 64], [512, 135, 12, 64], [512, 135, 12, 64], [], [], [], [], [], [], [], [], [], [], [], []]",12,2030.5,0.14,169.21
aten::_flash_attention_forward,"[[512, 1, 12, 64], [512, 133, 12, 64], [512, 133, 12, 64], [], [], [], [], [], [], [], [], [], [], [], []]",12,2030.1,0.14,169.17
aten::_flash_attention_forward,"[[512, 1, 12, 64], [512, 130, 12, 64], [512, 130, 12, 64], [], [], [], [], [], [], [], [], [], [], [], []]",12,2028.6,0.14,169.05
aten::fill_,"[[50257], []]",398,1960.5,0.14,4.93
aten::fill_,"[[], []]",398,1941.1,0.14,4.88
aten::copy_,"[[50257], [50257], []]",398,1925.4,0.14,4.84
aten::bitwise_or,"[[512], [512]]",398,1920.6,0.14,4.83
aten::copy_,"[[512, 1], [512, 1], []]",398,1730.1,0.12,4.35
aten::_local_scalar_dense,[[]],401,1540.5,0.11,3.84
aten::_flash_attention_forward,"[[512, 1, 12, 64], [512, 127, 12, 64], [512, 127, 12, 64], [], [], [], [], [], [], [], [], [], [], [], []]",12,1536.2,0.11,128.02
aten::_flash_attention_forward,"[[512, 1, 12, 64], [512, 121, 12, 64], [512, 121, 12, 64], [], [], [], [], [], [], [], [], [], [], [], []]",12,1534.8,0.11,127.90
aten::_flash_attention_forward,"[[512, 1, 12, 64], [512, 124, 12, 64], [512, 124, 12, 64], [], [], [], [], [], [], [], [], [], [], [], []]",12,1533.2,0.11,127.77
aten::_flash_attention_forward,"[[512, 1, 12, 64], [512, 126, 12, 64], [512, 126, 12, 64], [], [], [], [], [], [], [], [], [], [], [], []]",12,1532.6,0.11,127.72
aten::_flash_attention_forward,"[[512, 1, 12, 64], [512, 125, 12, 64], [512, 125, 12, 64], [], [], [], [], [], [], [], [], [], [], [], []]",12,1532.4,0.11,127.70
aten::_flash_attention_forward,"[[512, 1, 12, 64], [512, 122, 12, 64], [512, 122, 12, 64], [], [], [], [], [], [], [], [], [], [], [], []]",12,1532.4,0.11,127.70
aten::_flash_attention_forward,"[[512, 1, 12, 64], [512, 123, 12, 64], [512, 123, 12, 64], [], [], [], [], [], [], [], [], [], [], [], []]",12,1532.4,0.11,127.70
aten::_flash_attention_forward,"[[512, 1, 12, 64], [512, 120, 12, 64], [512, 120, 12, 64], [], [], [], [], [], [], [], [], [], [], [], []]",12,1531.8,0.11,127.65
aten::_flash_attention_forward,"[[512, 1, 12, 64], [512, 119, 12, 64], [512, 119, 12, 64], [], [], [], [], [], [], [], [], [], [], [], []]",12,1531.2,0.11,127.60
aten::_flash_attention_forward,"[[512, 1, 12, 64], [512, 115, 12, 64], [512, 115, 12, 64], [], [], [], [], [], [], [], [], [], [], [], []]",12,1529.6,0.11,127.47
aten::_flash_attention_forward,"[[512, 1, 12, 64], [512, 118, 12, 64], [512, 118, 12, 64], [], [], [], [], [], [], [], [], [], [], [], []]",12,1529.1,0.11,127.43
aten::_flash_attention_forward,"[[512, 1, 12, 64], [512, 116, 12, 64], [512, 116, 12, 64], [], [], [], [], [], [], [], [], [], [], [], []]",12,1528.8,0.11,127.40
aten::_flash_attention_forward,"[[512, 1, 12, 64], [512, 117, 12, 64], [512, 117, 12, 64], [], [], [], [], [], [], [], [], [], [], [], []]",12,1527.8,0.11,127.32
aten::_flash_attention_forward,"[[512, 1, 12, 64], [512, 114, 12, 64], [512, 114, 12, 64], [], [], [], [], [], [], [], [], [], [], [], []]",12,1527.0,0.11,127.25
aten::_flash_attention_forward,"[[512, 1, 12, 64], [512, 113, 12, 64], [512, 113, 12, 64], [], [], [], [], [], [], [], [], [], [], [], []]",12,1525.1,0.11,127.09
aten::_flash_attention_forward,"[[512, 1, 12, 64], [512, 128, 12, 64], [512, 128, 12, 64], [], [], [], [], [], [], [], [], [], [], [], []]",12,1524.1,0.11,127.00
aten::_flash_attention_forward,"[[512, 1, 12, 64], [512, 111, 12, 64], [512, 111, 12, 64], [], [], [], [], [], [], [], [], [], [], [], []]",12,1521.4,0.11,126.78
aten::_flash_attention_forward,"[[512, 1, 12, 64], [512, 112, 12, 64], [512, 112, 12, 64], [], [], [], [], [], [], [], [], [], [], [], []]",12,1521.3,0.11,126.78
aten::_flash_attention_forward,"[[512, 1, 12, 64], [512, 109, 12, 64], [512, 109, 12, 64], [], [], [], [], [], [], [], [], [], [], [], []]",12,1520.6,0.11,126.72
aten::_flash_attention_forward,"[[512, 1, 12, 64], [512, 110, 12, 64], [512, 110, 12, 64], [], [], [], [], [], [], [], [], [], [], [], []]",12,1520.6,0.11,126.72
aten::_flash_attention_forward,"[[512, 1, 12, 64], [512, 107, 12, 64], [512, 107, 12, 64], [], [], [], [], [], [], [], [], [], [], [], []]",12,1517.4,0.11,126.45
aten::_flash_attention_forward,"[[512, 1, 12, 64], [512, 108, 12, 64], [512, 108, 12, 64], [], [], [], [], [], [], [], [], [], [], [], []]",12,1517.1,0.11,126.43
aten::_flash_attention_forward,"[[512, 1, 12, 64], [512, 84, 12, 64], [512, 84, 12, 64], [], [], [], [], [], [], [], [], [], [], [], []]",12,1516.7,0.11,126.39
aten::_flash_attention_forward,"[[512, 1, 12, 64], [512, 80, 12, 64], [512, 80, 12, 64], [], [], [], [], [], [], [], [], [], [], [], []]",12,1516.5,0.11,126.38
aten::_flash_attention_forward,"[[512, 1, 12, 64], [512, 72, 12, 64], [512, 72, 12, 64], [], [], [], [], [], [], [], [], [], [], [], []]",12,1516.2,0.11,126.35
aten::_flash_attention_forward,"[[512, 1, 12, 64], [512, 78, 12, 64], [512, 78, 12, 64], [], [], [], [], [], [], [], [], [], [], [], []]",12,1516.2,0.11,126.35
aten::_flash_attention_forward,"[[512, 1, 12, 64], [512, 105, 12, 64], [512, 105, 12, 64], [], [], [], [], [], [], [], [], [], [], [], []]",12,1515.9,0.11,126.32
aten::_flash_attention_forward,"[[512, 1, 12, 64], [512, 71, 12, 64], [512, 71, 12, 64], [], [], [], [], [], [], [], [], [], [], [], []]",12,1515.6,0.11,126.30
aten::_flash_attention_forward,"[[512, 1, 12, 64], [512, 86, 12, 64], [512, 86, 12, 64], [], [], [], [], [], [], [], [], [], [], [], []]",12,1514.9,0.11,126.24
aten::_flash_attention_forward,"[[512, 1, 12, 64], [512, 85, 12, 64], [512, 85, 12, 64], [], [], [], [], [], [], [], [], [], [], [], []]",12,1514.8,0.11,126.24
aten::_flash_attention_forward,"[[512, 1, 12, 64], [512, 88, 12, 64], [512, 88, 12, 64], [], [], [], [], [], [], [], [], [], [], [], []]",12,1514.7,0.11,126.22
aten::_flash_attention_forward,"[[512, 1, 12, 64], [512, 79, 12, 64], [512, 79, 12, 64], [], [], [], [], [], [], [], [], [], [], [], []]",12,1514.7,0.11,126.22
aten::_flash_attention_forward,"[[512, 1, 12, 64], [512, 82, 12, 64], [512, 82, 12, 64], [], [], [], [], [], [], [], [], [], [], [], []]",12,1514.3,0.11,126.19
aten::_flash_attention_forward,"[[512, 1, 12, 64], [512, 106, 12, 64], [512, 106, 12, 64], [], [], [], [], [], [], [], [], [], [], [], []]",12,1514.3,0.11,126.19
aten::_flash_attention_forward,"[[512, 1, 12, 64], [512, 98, 12, 64], [512, 98, 12, 64], [], [], [], [], [], [], [], [], [], [], [], []]",12,1514.1,0.11,126.18
aten::_flash_attention_forward,"[[512, 1, 12, 64], [512, 104, 12, 64], [512, 104, 12, 64], [], [], [], [], [], [], [], [], [], [], [], []]",12,1513.7,0.11,126.14
aten::_flash_attention_forward,"[[512, 1, 12, 64], [512, 83, 12, 64], [512, 83, 12, 64], [], [], [], [], [], [], [], [], [], [], [], []]",12,1513.7,0.11,126.14
aten::_flash_attention_forward,"[[512, 1, 12, 64], [512, 89, 12, 64], [512, 89, 12, 64], [], [], [], [], [], [], [], [], [], [], [], []]",12,1513.6,0.11,126.14
aten::_flash_attention_forward,"[[512, 1, 12, 64], [512, 87, 12, 64], [512, 87, 12, 64], [], [], [], [], [], [], [], [], [], [], [], []]",12,1513.5,0.11,126.12
aten::_flash_attention_forward,"[[512, 1, 12, 64], [512, 81, 12, 64], [512, 81, 12, 64], [], [], [], [], [], [], [], [], [], [], [], []]",12,1513.1,0.11,126.09
aten::_flash_attention_forward,"[[512, 1, 12, 64], [512, 103, 12, 64], [512, 103, 12, 64], [], [], [], [], [], [], [], [], [], [], [], []]",12,1512.9,0.11,126.08
aten::_flash_attention_forward,"[[512, 1, 12, 64], [512, 101, 12, 64], [512, 101, 12, 64], [], [], [], [], [], [], [], [], [], [], [], []]",12,1512.9,0.11,126.08
aten::_flash_attention_forward,"[[512, 1, 12, 64], [512, 97, 12, 64], [512, 97, 12, 64], [], [], [], [], [], [], [], [], [], [], [], []]",12,1512.9,0.11,126.07
aten::_flash_attention_forward,"[[512, 1, 12, 64], [512, 77, 12, 64], [512, 77, 12, 64], [], [], [], [], [], [], [], [], [], [], [], []]",12,1512.8,0.11,126.06
aten::_flash_attention_forward,"[[512, 1, 12, 64], [512, 90, 12, 64], [512, 90, 12, 64], [], [], [], [], [], [], [], [], [], [], [], []]",12,1512.6,0.11,126.05
aten::_flash_attention_forward,"[[512, 1, 12, 64], [512, 75, 12, 64], [512, 75, 12, 64], [], [], [], [], [], [], [], [], [], [], [], []]",12,1512.5,0.11,126.04
aten::_flash_attention_forward,"[[512, 1, 12, 64], [512, 91, 12, 64], [512, 91, 12, 64], [], [], [], [], [], [], [], [], [], [], [], []]",12,1512.4,0.11,126.03
aten::_flash_attention_forward,"[[512, 1, 12, 64], [512, 102, 12, 64], [512, 102, 12, 64], [], [], [], [], [], [], [], [], [], [], [], []]",12,1512.0,0.11,126.00
aten::_flash_attention_forward,"[[512, 1, 12, 64], [512, 73, 12, 64], [512, 73, 12, 64], [], [], [], [], [], [], [], [], [], [], [], []]",12,1511.9,0.11,125.99
aten::_flash_attention_forward,"[[512, 1, 12, 64], [512, 76, 12, 64], [512, 76, 12, 64], [], [], [], [], [], [], [], [], [], [], [], []]",12,1511.7,0.11,125.98
aten::_flash_attention_forward,"[[512, 1, 12, 64], [512, 93, 12, 64], [512, 93, 12, 64], [], [], [], [], [], [], [], [], [], [], [], []]",12,1511.5,0.11,125.96
aten::_flash_attention_forward,"[[512, 1, 12, 64], [512, 99, 12, 64], [512, 99, 12, 64], [], [], [], [], [], [], [], [], [], [], [], []]",12,1511.3,0.11,125.95
aten::_flash_attention_forward,"[[512, 1, 12, 64], [512, 70, 12, 64], [512, 70, 12, 64], [], [], [], [], [], [], [], [], [], [], [], []]",12,1511.1,0.11,125.93
aten::_flash_attention_forward,"[[512, 1, 12, 64], [512, 68, 12, 64], [512, 68, 12, 64], [], [], [], [], [], [], [], [], [], [], [], []]",12,1511.1,0.11,125.93
aten::_flash_attention_forward,"[[512, 1, 12, 64], [512, 92, 12, 64], [512, 92, 12, 64], [], [], [], [], [], [], [], [], [], [], [], []]",12,1511.0,0.11,125.92
aten::_flash_attention_forward,"[[512, 1, 12, 64], [512, 94, 12, 64], [512, 94, 12, 64], [], [], [], [], [], [], [], [], [], [], [], []]",12,1510.8,0.11,125.90
aten::_flash_attention_forward,"[[512, 1, 12, 64], [512, 69, 12, 64], [512, 69, 12, 64], [], [], [], [], [], [], [], [], [], [], [], []]",12,1510.8,0.11,125.90
aten::_flash_attention_forward,"[[512, 1, 12, 64], [512, 100, 12, 64], [512, 100, 12, 64], [], [], [], [], [], [], [], [], [], [], [], []]",12,1510.6,0.11,125.89
aten::_flash_attention_forward,"[[512, 1, 12, 64], [512, 67, 12, 64], [512, 67, 12, 64], [], [], [], [], [], [], [], [], [], [], [], []]",12,1509.6,0.11,125.80
aten::_flash_attention_forward,"[[512, 1, 12, 64], [512, 95, 12, 64], [512, 95, 12, 64], [], [], [], [], [], [], [], [], [], [], [], []]",12,1509.3,0.11,125.78
aten::_flash_attention_forward,"[[512, 1, 12, 64], [512, 74, 12, 64], [512, 74, 12, 64], [], [], [], [], [], [], [], [], [], [], [], []]",12,1509.1,0.11,125.76
aten::_flash_attention_forward,"[[512, 1, 12, 64], [512, 66, 12, 64], [512, 66, 12, 64], [], [], [], [], [], [], [], [], [], [], [], []]",12,1508.8,0.11,125.74
aten::_flash_attention_forward,"[[512, 1, 12, 64], [512, 65, 12, 64], [512, 65, 12, 64], [], [], [], [], [], [], [], [], [], [], [], []]",12,1508.1,0.11,125.67
aten::_flash_attention_forward,"[[512, 1, 12, 64], [512, 96, 12, 64], [512, 96, 12, 64], [], [], [], [], [], [], [], [], [], [], [], []]",12,1507.4,0.11,125.61
aten::any,"[[512, 1], [], []]",199,1488.9,0.10,7.48
aten::max,[[512]],199,1392.0,0.10,6.99
aten::eq,"[[512, 1], [1, 1]]",199,1093.2,0.08,5.49
aten::add,"[[1, 1], [512, 1], []]",199,1080.4,0.08,5.43
aten::eq,"[[], []]",199,1076.6,0.08,5.41
aten::_flash_attention_forward,"[[512, 1, 12, 64], [512, 61, 12, 64], [512, 61, 12, 64], [], [], [], [], [], [], [], [], [], [], [], []]",12,1005.4,0.07,83.79
aten::_flash_attention_forward,"[[512, 1, 12, 64], [512, 58, 12, 64], [512, 58, 12, 64], [], [], [], [], [], [], [], [], [], [], [], []]",12,1004.9,0.07,83.74
aten::_flash_attention_forward,"[[512, 1, 12, 64], [512, 62, 12, 64], [512, 62, 12, 64], [], [], [], [], [], [], [], [], [], [], [], []]",12,1004.8,0.07,83.73
aten::_flash_attention_forward,"[[512, 1, 12, 64], [512, 63, 12, 64], [512, 63, 12, 64], [], [], [], [], [], [], [], [], [], [], [], []]",12,1004.7,0.07,83.72
aten::_flash_attention_forward,"[[512, 1, 12, 64], [512, 60, 12, 64], [512, 60, 12, 64], [], [], [], [], [], [], [], [], [], [], [], []]",12,1004.6,0.07,83.71
aten::_flash_attention_forward,"[[512, 1, 12, 64], [512, 59, 12, 64], [512, 59, 12, 64], [], [], [], [], [], [], [], [], [], [], [], []]",12,1003.7,0.07,83.64
aten::_flash_attention_forward,"[[512, 1, 12, 64], [512, 57, 12, 64], [512, 57, 12, 64], [], [], [], [], [], [], [], [], [], [], [], []]",12,1003.1,0.07,83.59
aten::_flash_attention_forward,"[[512, 1, 12, 64], [512, 55, 12, 64], [512, 55, 12, 64], [], [], [], [], [], [], [], [], [], [], [], []]",12,1000.7,0.07,83.39
aten::_flash_attention_forward,"[[512, 1, 12, 64], [512, 54, 12, 64], [512, 54, 12, 64], [], [], [], [], [], [], [], [], [], [], [], []]",12,1000.5,0.07,83.38
aten::_flash_attention_forward,"[[512, 1, 12, 64], [512, 49, 12, 64], [512, 49, 12, 64], [], [], [], [], [], [], [], [], [], [], [], []]",12,999.9,0.07,83.33
aten::_flash_attention_forward,"[[512, 1, 12, 64], [512, 40, 12, 64], [512, 40, 12, 64], [], [], [], [], [], [], [], [], [], [], [], []]",12,999.9,0.07,83.32
aten::_flash_attention_forward,"[[512, 1, 12, 64], [512, 50, 12, 64], [512, 50, 12, 64], [], [], [], [], [], [], [], [], [], [], [], []]",12,999.6,0.07,83.30
aten::_flash_attention_forward,"[[512, 1, 12, 64], [512, 44, 12, 64], [512, 44, 12, 64], [], [], [], [], [], [], [], [], [], [], [], []]",12,998.9,0.07,83.24
aten::_flash_attention_forward,"[[512, 1, 12, 64], [512, 56, 12, 64], [512, 56, 12, 64], [], [], [], [], [], [], [], [], [], [], [], []]",12,998.5,0.07,83.21
aten::_flash_attention_forward,"[[512, 1, 12, 64], [512, 46, 12, 64], [512, 46, 12, 64], [], [], [], [], [], [], [], [], [], [], [], []]",12,998.4,0.07,83.20
aten::_flash_attention_forward,"[[512, 1, 12, 64], [512, 51, 12, 64], [512, 51, 12, 64], [], [], [], [], [], [], [], [], [], [], [], []]",12,998.2,0.07,83.18
aten::_flash_attention_forward,"[[512, 1, 12, 64], [512, 52, 12, 64], [512, 52, 12, 64], [], [], [], [], [], [], [], [], [], [], [], []]",12,998.2,0.07,83.18
aten::_flash_attention_forward,"[[512, 1, 12, 64], [512, 42, 12, 64], [512, 42, 12, 64], [], [], [], [], [], [], [], [], [], [], [], []]",12,997.8,0.07,83.15
aten::_flash_attention_forward,"[[512, 1, 12, 64], [512, 39, 12, 64], [512, 39, 12, 64], [], [], [], [], [], [], [], [], [], [], [], []]",12,997.3,0.07,83.11
aten::_flash_attention_forward,"[[512, 1, 12, 64], [512, 48, 12, 64], [512, 48, 12, 64], [], [], [], [], [], [], [], [], [], [], [], []]",12,997.2,0.07,83.10
aten::_flash_attention_forward,"[[512, 1, 12, 64], [512, 47, 12, 64], [512, 47, 12, 64], [], [], [], [], [], [], [], [], [], [], [], []]",12,997.1,0.07,83.09
aten::_flash_attention_forward,"[[512, 1, 12, 64], [512, 45, 12, 64], [512, 45, 12, 64], [], [], [], [], [], [], [], [], [], [], [], []]",12,997.1,0.07,83.09
aten::_flash_attention_forward,"[[512, 1, 12, 64], [512, 43, 12, 64], [512, 43, 12, 64], [], [], [], [], [], [], [], [], [], [], [], []]",12,996.9,0.07,83.07
aten::_flash_attention_forward,"[[512, 1, 12, 64], [512, 53, 12, 64], [512, 53, 12, 64], [], [], [], [], [], [], [], [], [], [], [], []]",12,996.7,0.07,83.05
aten::_flash_attention_forward,"[[512, 1, 12, 64], [512, 41, 12, 64], [512, 41, 12, 64], [], [], [], [], [], [], [], [], [], [], [], []]",12,995.9,0.07,82.99
aten::_flash_attention_forward,"[[512, 1, 12, 64], [512, 38, 12, 64], [512, 38, 12, 64], [], [], [], [], [], [], [], [], [], [], [], []]",12,994.6,0.07,82.89
aten::_flash_attention_forward,"[[512, 1, 12, 64], [512, 34, 12, 64], [512, 34, 12, 64], [], [], [], [], [], [], [], [], [], [], [], []]",12,994.6,0.07,82.88
aten::_flash_attention_forward,"[[512, 1, 12, 64], [512, 36, 12, 64], [512, 36, 12, 64], [], [], [], [], [], [], [], [], [], [], [], []]",12,994.5,0.07,82.88
aten::_flash_attention_forward,"[[512, 1, 12, 64], [512, 37, 12, 64], [512, 37, 12, 64], [], [], [], [], [], [], [], [], [], [], [], []]",12,994.3,0.07,82.86
aten::_flash_attention_forward,"[[512, 1, 12, 64], [512, 33, 12, 64], [512, 33, 12, 64], [], [], [], [], [], [], [], [], [], [], [], []]",12,993.8,0.07,82.82
aten::_flash_attention_forward,"[[512, 1, 12, 64], [512, 35, 12, 64], [512, 35, 12, 64], [], [], [], [], [], [], [], [], [], [], [], []]",12,993.7,0.07,82.81
aten::sub,"[[], [512], []]",199,988.6,0.07,4.97
aten::_flash_attention_forward,"[[512, 1, 12, 64], [512, 64, 12, 64], [512, 64, 12, 64], [], [], [], [], [], [], [], [], [], [], [], []]",12,988.0,0.07,82.34
aten::bitwise_not,[[512]],199,983.6,0.07,4.94
aten::mul,"[[], [512]]",199,978.5,0.07,4.92
aten::mul,"[[512], [512]]",199,975.9,0.07,4.90
aten::add,"[[512], [512], []]",199,959.2,0.07,4.82
aten::copy_,"[[512], [512], []]",200,958.5,0.07,4.79
aten::add,"[[512, 1], [], []]",199,957.5,0.07,4.81
aten::fill_,"[[512, 1], []]",199,946.1,0.07,4.75
aten::gather,"[[50257, 768], [], [512, 768], [], [512, 768]]",199,677.5,0.05,3.40
aten::gather,"[[1024, 768], [], [512, 768], [], [512, 768]]",199,608.0,0.04,3.06
aten::_flash_attention_forward,"[[512, 1, 12, 64], [512, 21, 12, 64], [512, 21, 12, 64], [], [], [], [], [], [], [], [], [], [], [], []]",12,535.3,0.04,44.61
aten::_flash_attention_forward,"[[512, 1, 12, 64], [512, 19, 12, 64], [512, 19, 12, 64], [], [], [], [], [], [], [], [], [], [], [], []]",12,533.2,0.04,44.43
aten::_flash_attention_forward,"[[512, 1, 12, 64], [512, 23, 12, 64], [512, 23, 12, 64], [], [], [], [], [], [], [], [], [], [], [], []]",12,533.0,0.04,44.42
aten::_flash_attention_forward,"[[512, 1, 12, 64], [512, 22, 12, 64], [512, 22, 12, 64], [], [], [], [], [], [], [], [], [], [], [], []]",12,533.0,0.04,44.41
aten::_flash_attention_forward,"[[512, 1, 12, 64], [512, 31, 12, 64], [512, 31, 12, 64], [], [], [], [], [], [], [], [], [], [], [], []]",12,532.5,0.04,44.37
aten::_flash_attention_forward,"[[512, 1, 12, 64], [512, 17, 12, 64], [512, 17, 12, 64], [], [], [], [], [], [], [], [], [], [], [], []]",12,532.0,0.04,44.33
aten::_flash_attention_forward,"[[512, 1, 12, 64], [512, 18, 12, 64], [512, 18, 12, 64], [], [], [], [], [], [], [], [], [], [], [], []]",12,531.8,0.04,44.31
aten::_flash_attention_forward,"[[512, 1, 12, 64], [512, 24, 12, 64], [512, 24, 12, 64], [], [], [], [], [], [], [], [], [], [], [], []]",12,530.6,0.04,44.22
aten::_flash_attention_forward,"[[512, 1, 12, 64], [512, 29, 12, 64], [512, 29, 12, 64], [], [], [], [], [], [], [], [], [], [], [], []]",12,530.4,0.04,44.20
aten::_flash_attention_forward,"[[512, 1, 12, 64], [512, 30, 12, 64], [512, 30, 12, 64], [], [], [], [], [], [], [], [], [], [], [], []]",12,529.6,0.04,44.14
aten::_flash_attention_forward,"[[512, 1, 12, 64], [512, 27, 12, 64], [512, 27, 12, 64], [], [], [], [], [], [], [], [], [], [], [], []]",12,529.6,0.04,44.13
aten::_flash_attention_forward,"[[512, 1, 12, 64], [512, 28, 12, 64], [512, 28, 12, 64], [], [], [], [], [], [], [], [], [], [], [], []]",12,529.3,0.04,44.11
aten::_flash_attention_forward,"[[512, 1, 12, 64], [512, 20, 12, 64], [512, 20, 12, 64], [], [], [], [], [], [], [], [], [], [], [], []]",12,528.9,0.04,44.07
aten::_flash_attention_forward,"[[512, 1, 12, 64], [512, 26, 12, 64], [512, 26, 12, 64], [], [], [], [], [], [], [], [], [], [], [], []]",12,528.4,0.04,44.04
aten::_flash_attention_forward,"[[512, 1, 12, 64], [512, 25, 12, 64], [512, 25, 12, 64], [], [], [], [], [], [], [], [], [], [], [], []]",12,528.3,0.04,44.03
aten::_flash_attention_forward,"[[512, 1, 12, 64], [512, 32, 12, 64], [512, 32, 12, 64], [], [], [], [], [], [], [], [], [], [], [], []]",12,507.1,0.04,42.26
aten::_flash_attention_forward,"[[512, 1, 12, 64], [512, 9, 12, 64], [512, 9, 12, 64], [], [], [], [], [], [], [], [], [], [], [], []]",12,232.5,0.02,19.38
aten::_flash_attention_forward,"[[512, 1, 12, 64], [512, 14, 12, 64], [512, 14, 12, 64], [], [], [], [], [], [], [], [], [], [], [], []]",12,230.0,0.02,19.16
aten::_flash_attention_forward,"[[512, 1, 12, 64], [512, 11, 12, 64], [512, 11, 12, 64], [], [], [], [], [], [], [], [], [], [], [], []]",12,229.4,0.02,19.12
aten::_flash_attention_forward,"[[512, 1, 12, 64], [512, 12, 12, 64], [512, 12, 12, 64], [], [], [], [], [], [], [], [], [], [], [], []]",12,229.1,0.02,19.09
aten::_flash_attention_forward,"[[512, 1, 12, 64], [512, 13, 12, 64], [512, 13, 12, 64], [], [], [], [], [], [], [], [], [], [], [], []]",12,228.7,0.02,19.06
aten::_flash_attention_forward,"[[512, 1, 12, 64], [512, 10, 12, 64], [512, 10, 12, 64], [], [], [], [], [], [], [], [], [], [], [], []]",12,228.0,0.02,19.00
aten::_flash_attention_forward,"[[512, 1, 12, 64], [512, 16, 12, 64], [512, 16, 12, 64], [], [], [], [], [], [], [], [], [], [], [], []]",12,227.1,0.02,18.93
aten::_flash_attention_forward,"[[512, 1, 12, 64], [512, 15, 12, 64], [512, 15, 12, 64], [], [], [], [], [], [], [], [], [], [], [], []]",12,225.2,0.02,18.77
aten::all,"[[512, 204]]",1,27.0,0.00,26.98
aten::all,"[[512, 201]]",1,26.8,0.00,26.78
aten::all,"[[512, 203]]",1,26.5,0.00,26.54
aten::all,"[[512, 205]]",1,26.3,0.00,26.30
aten::all,"[[512, 196]]",1,26.1,0.00,26.14
aten::copy_,"[[512, 9], [512, 9], []]",4,26.1,0.00,6.53
aten::all,"[[512, 202]]",1,26.0,0.00,26.02
aten::all,"[[512, 207]]",1,26.0,0.00,26.02
aten::all,"[[512, 206]]",1,26.0,0.00,26.02
aten::all,"[[512, 200]]",1,26.0,0.00,25.98
aten::all,"[[512, 195]]",1,25.9,0.00,25.94
aten::all,"[[512, 198]]",1,25.9,0.00,25.86
aten::all,"[[512, 199]]",1,25.7,0.00,25.74
aten::all,"[[512, 197]]",1,25.7,0.00,25.70
aten::all,"[[512, 185]]",1,25.7,0.00,25.66
aten::all,"[[512, 188]]",1,25.3,0.00,25.30
aten::all,"[[512, 192]]",1,25.2,0.00,25.22
aten::all,"[[512, 189]]",1,25.2,0.00,25.18
aten::all,"[[512, 194]]",1,25.2,0.00,25.18
aten::all,"[[512, 186]]",1,25.1,0.00,25.14
aten::all,"[[512, 191]]",1,25.1,0.00,25.10
aten::all,"[[512, 193]]",1,25.1,0.00,25.10
aten::all,"[[512, 190]]",1,25.1,0.00,25.06
aten::all,"[[512, 187]]",1,24.9,0.00,24.90
aten::all,"[[512, 184]]",1,24.7,0.00,24.66
aten::all,"[[512, 177]]",1,24.6,0.00,24.61
aten::all,"[[512, 173]]",1,24.6,0.00,24.57
aten::all,"[[512, 179]]",1,24.5,0.00,24.49
aten::all,"[[512, 175]]",1,24.4,0.00,24.41
aten::all,"[[512, 182]]",1,24.4,0.00,24.38
aten::all,"[[512, 183]]",1,24.4,0.00,24.37
aten::all,"[[512, 181]]",1,23.9,0.00,23.93
aten::all,"[[512, 178]]",1,23.9,0.00,23.89
aten::all,"[[512, 170]]",1,23.9,0.00,23.85
aten::all,"[[512, 180]]",1,23.7,0.00,23.73
aten::all,"[[512, 176]]",1,23.7,0.00,23.65
aten::all,"[[512, 172]]",1,23.5,0.00,23.45
aten::all,"[[512, 169]]",1,23.5,0.00,23.45
aten::all,"[[512, 174]]",1,23.4,0.00,23.37
aten::all,"[[512, 171]]",1,23.3,0.00,23.33
aten::all,"[[512, 168]]",1,23.0,0.00,23.01
aten::all,"[[512, 166]]",1,23.0,0.00,22.97
aten::all,"[[512, 165]]",1,23.0,0.00,22.97
aten::all,"[[512, 153]]",1,22.8,0.00,22.81
aten::all,"[[512, 167]]",1,22.8,0.00,22.77
aten::all,"[[512, 155]]",1,22.7,0.00,22.69
aten::all,"[[512, 164]]",1,22.6,0.00,22.57
aten::all,"[[512, 161]]",1,22.5,0.00,22.49
aten::mul,"[[512, 9], []]",2,22.5,0.00,11.23
aten::all,"[[512, 156]]",1,22.4,0.00,22.45
aten::all,"[[512, 160]]",1,22.4,0.00,22.45
aten::all,"[[512, 163]]",1,22.4,0.00,22.45
aten::all,"[[512, 158]]",1,22.3,0.00,22.29
aten::all,"[[512, 162]]",1,22.2,0.00,22.17
aten::all,"[[512, 154]]",1,22.1,0.00,22.09
aten::all,"[[512, 159]]",1,22.1,0.00,22.09
aten::all,"[[512, 157]]",1,22.0,0.00,21.97
aten::all,"[[512, 150]]",1,21.9,0.00,21.89
aten::all,"[[512, 146]]",1,21.8,0.00,21.77
aten::all,"[[512, 148]]",1,21.7,0.00,21.73
aten::all,"[[512, 145]]",1,21.6,0.00,21.65
aten::all,"[[512, 149]]",1,21.6,0.00,21.61
aten::all,"[[512, 147]]",1,21.6,0.00,21.57
aten::all,"[[512, 152]]",1,21.5,0.00,21.49
aten::copy_,"[[], [], []]",6,21.2,0.00,3.54
aten::all,"[[512, 144]]",1,21.2,0.00,21.17
aten::all,"[[512, 136]]",1,21.0,0.00,21.01
aten::all,"[[512, 143]]",1,20.9,0.00,20.93
aten::all,"[[512, 140]]",1,20.8,0.00,20.85
aten::all,"[[512, 142]]",1,20.8,0.00,20.77
aten::all,"[[512, 137]]",1,20.7,0.00,20.73
aten::all,"[[512, 151]]",1,20.7,0.00,20.69
aten::all,"[[512, 138]]",1,20.5,0.00,20.49
aten::all,"[[512, 134]]",1,20.3,0.00,20.32
aten::all,"[[512, 141]]",1,20.3,0.00,20.29
aten::all,"[[512, 139]]",1,20.2,0.00,20.24
aten::all,"[[512, 135]]",1,20.2,0.00,20.21
aten::all,"[[512, 129]]",1,20.2,0.00,20.20
aten::all,"[[512, 132]]",1,20.1,0.00,20.09
aten::all,"[[512, 130]]",1,20.0,0.00,20.05
aten::all,"[[512, 127]]",1,19.8,0.00,19.76
aten::all,"[[512, 131]]",1,19.7,0.00,19.72
aten::all,"[[512, 133]]",1,19.6,0.00,19.64
aten::all,"[[512, 125]]",1,19.6,0.00,19.64
aten::all,"[[512, 126]]",1,19.6,0.00,19.56
aten::all,"[[512, 128]]",1,19.5,0.00,19.52
aten::all,"[[512, 124]]",1,19.5,0.00,19.52
aten::all,"[[512, 122]]",1,19.2,0.00,19.16
aten::all,"[[512, 123]]",1,19.0,0.00,18.96
aten::all,"[[512, 121]]",1,18.9,0.00,18.92
aten::all,"[[512, 119]]",1,18.6,0.00,18.60
aten::all,"[[512, 111]]",1,18.5,0.00,18.48
aten::all,"[[512, 120]]",1,18.4,0.00,18.40
aten::all,"[[512, 117]]",1,18.4,0.00,18.36
aten::all,"[[512, 109]]",1,18.3,0.00,18.32
aten::all,"[[512, 115]]",1,18.3,0.00,18.32
aten::all,"[[512, 116]]",1,18.3,0.00,18.28
aten::all,"[[512, 114]]",1,18.2,0.00,18.24
aten::all,"[[512, 118]]",1,18.2,0.00,18.24
aten::all,"[[512, 112]]",1,18.2,0.00,18.24
aten::all,"[[512, 110]]",1,18.2,0.00,18.16
aten::all,"[[512, 113]]",1,18.2,0.00,18.16
aten::all,"[[512, 107]]",1,17.7,0.00,17.72
aten::all,"[[512, 103]]",1,17.6,0.00,17.64
aten::all,"[[512, 106]]",1,17.6,0.00,17.64
aten::all,"[[512, 101]]",1,17.6,0.00,17.56
aten::all,"[[512, 102]]",1,17.4,0.00,17.44
aten::all,"[[512, 104]]",1,17.4,0.00,17.44
aten::all,"[[512, 85]]",1,17.4,0.00,17.36
aten::all,"[[512, 97]]",1,17.4,0.00,17.36
aten::all,"[[512, 99]]",1,17.2,0.00,17.24
aten::all,"[[512, 100]]",1,17.2,0.00,17.16
aten::all,"[[512, 98]]",1,17.2,0.00,17.16
aten::all,"[[512, 92]]",1,16.9,0.00,16.88
aten::all,"[[512, 96]]",1,16.9,0.00,16.88
aten::all,"[[512, 95]]",1,16.8,0.00,16.80
aten::all,"[[512, 93]]",1,16.8,0.00,16.76
aten::all,"[[512, 105]]",1,16.8,0.00,16.76
aten::all,"[[512, 91]]",1,16.7,0.00,16.72
aten::all,"[[512, 94]]",1,16.6,0.00,16.56
aten::all,"[[512, 90]]",1,16.4,0.00,16.44
aten::all,"[[512, 88]]",1,16.3,0.00,16.28
aten::all,"[[512, 67]]",1,16.2,0.00,16.24
aten::all,"[[512, 108]]",1,16.2,0.00,16.20
aten::all,"[[512, 84]]",1,16.1,0.00,16.08
aten::all,"[[512, 89]]",1,16.1,0.00,16.08
aten::all,"[[512, 83]]",1,16.0,0.00,15.96
aten::all,"[[512, 86]]",1,15.9,0.00,15.91
aten::all,"[[512, 77]]",1,15.8,0.00,15.84
aten::all,"[[512, 82]]",1,15.8,0.00,15.84
aten::all,"[[512, 79]]",1,15.7,0.00,15.67
aten::all,"[[512, 87]]",1,15.6,0.00,15.63
aten::all,"[[512, 80]]",1,15.6,0.00,15.55
aten::all,"[[512, 75]]",1,15.5,0.00,15.51
aten::all,"[[512, 78]]",1,15.4,0.00,15.39
aten::all,"[[512, 81]]",1,15.4,0.00,15.39
aten::all,"[[512, 61]]",1,15.2,0.00,15.19
aten::all,"[[512, 62]]",1,15.2,0.00,15.15
aten::all,"[[512, 73]]",1,15.1,0.00,15.07
aten::all,"[[512, 54]]",1,14.9,0.00,14.91
aten::all,"[[512, 76]]",1,14.9,0.00,14.87
aten::all,"[[512, 65]]",1,14.7,0.00,14.71
aten::all,"[[512, 57]]",1,14.7,0.00,14.67
aten::all,"[[512, 71]]",1,14.7,0.00,14.67
aten::all,"[[512, 69]]",1,14.5,0.00,14.51
aten::all,"[[512, 74]]",1,14.5,0.00,14.51
aten::all,"[[512, 72]]",1,14.5,0.00,14.47
aten::all,"[[512, 70]]",1,14.4,0.00,14.35
aten::all,"[[512, 44]]",1,14.3,0.00,14.31
aten::all,"[[512, 68]]",1,14.2,0.00,14.15
aten::all,"[[512, 64]]",1,14.1,0.00,14.07
aten::all,"[[512, 66]]",1,14.0,0.00,14.03
aten::all,"[[512, 63]]",1,13.8,0.00,13.75
aten::all,"[[512, 60]]",1,13.7,0.00,13.71
aten::all,"[[512, 58]]",1,13.7,0.00,13.67
aten::all,"[[512, 59]]",1,13.6,0.00,13.63
aten::all,"[[512, 49]]",1,13.3,0.00,13.35
aten::all,"[[512, 56]]",1,13.2,0.00,13.23
aten::all,"[[512, 34]]",1,13.2,0.00,13.23
aten::all,"[[512, 52]]",1,13.2,0.00,13.23
aten::all,"[[512, 39]]",1,13.1,0.00,13.07
aten::all,"[[512, 53]]",1,12.9,0.00,12.95
aten::all,"[[512, 50]]",1,12.9,0.00,12.91
aten::all,"[[512, 45]]",1,12.9,0.00,12.87
aten::all,"[[512, 55]]",1,12.9,0.00,12.87
aten::all,"[[512, 35]]",1,12.8,0.00,12.83
aten::all,"[[512, 48]]",1,12.8,0.00,12.79
aten::all,"[[512, 40]]",1,12.7,0.00,12.75
aten::all,"[[512, 47]]",1,12.6,0.00,12.63
aten::all,"[[512, 41]]",1,12.6,0.00,12.59
aten::all,"[[512, 37]]",1,12.5,0.00,12.55
aten::all,"[[512, 46]]",1,12.5,0.00,12.51
aten::all,"[[512, 29]]",1,12.4,0.00,12.43
aten::all,"[[512, 43]]",1,12.3,0.00,12.35
aten::all,"[[512, 30]]",1,12.2,0.00,12.23
aten::all,"[[512, 32]]",1,12.1,0.00,12.15
aten::all,"[[512, 13]]",1,12.1,0.00,12.07
aten::all,"[[512, 21]]",1,12.0,0.00,12.03
aten::all,"[[512, 27]]",1,12.0,0.00,12.03
aten::all,"[[512, 33]]",1,12.0,0.00,11.99
aten::all,"[[512, 36]]",1,11.9,0.00,11.91
aten::all,"[[512, 18]]",1,11.9,0.00,11.91
aten::all,"[[512, 25]]",1,11.9,0.00,11.87
aten::all,"[[512, 19]]",1,11.8,0.00,11.79
aten::all,"[[512, 31]]",1,11.8,0.00,11.79
aten::all,"[[512, 16]]",1,11.7,0.00,11.71
aten::all,"[[512, 51]]",1,11.7,0.00,11.71
aten::all,"[[512, 38]]",1,11.7,0.00,11.67
aten::all,"[[512, 28]]",1,11.6,0.00,11.62
aten::all,"[[512, 15]]",1,11.5,0.00,11.50
aten::all,"[[512, 9]]",1,11.1,0.00,11.11
aten::all,"[[512, 42]]",1,10.9,0.00,10.86
aten::all,"[[512, 12]]",1,10.7,0.00,10.74
aten::all,"[[512, 22]]",1,9.6,0.00,9.58
aten::all,"[[512, 23]]",1,9.5,0.00,9.54
aten::all,"[[512, 26]]",1,9.5,0.00,9.54
aten::copy_,"[[512, 89], [512, 89], []]",1,9.4,0.00,9.42
aten::copy_,"[[512, 140], [512, 140], []]",1,9.4,0.00,9.38
aten::copy_,"[[512, 66], [512, 66], []]",1,9.3,0.00,9.30
aten::copy_,"[[512, 115], [512, 115], []]",1,9.3,0.00,9.30
aten::copy_,"[[512, 128], [512, 128], []]",1,9.3,0.00,9.30
aten::copy_,"[[512, 203], [512, 203], []]",1,9.3,0.00,9.30
aten::copy_,"[[512, 79], [512, 79], []]",1,9.3,0.00,9.30
aten::copy_,"[[512, 99], [512, 99], []]",1,9.3,0.00,9.30
aten::copy_,"[[512, 132], [512, 132], []]",1,9.3,0.00,9.30
aten::copy_,"[[512, 85], [512, 85], []]",1,9.3,0.00,9.26
aten::copy_,"[[512, 59], [512, 59], []]",1,9.3,0.00,9.26
aten::copy_,"[[512, 87], [512, 87], []]",1,9.3,0.00,9.26
aten::copy_,"[[512, 88], [512, 88], []]",1,9.3,0.00,9.26
aten::all,"[[512, 24]]",1,9.3,0.00,9.26
aten::copy_,"[[512, 17], [512, 17], []]",1,9.2,0.00,9.22
aten::copy_,"[[512, 126], [512, 126], []]",1,9.2,0.00,9.22
aten::copy_,"[[512, 108], [512, 108], []]",1,9.2,0.00,9.18
aten::copy_,"[[512, 111], [512, 111], []]",1,9.2,0.00,9.18
aten::copy_,"[[512, 141], [512, 141], []]",1,9.2,0.00,9.18
aten::copy_,"[[512, 16], [512, 16], []]",1,9.2,0.00,9.18
aten::copy_,"[[512, 51], [512, 51], []]",1,9.2,0.00,9.18
aten::copy_,"[[512, 116], [512, 116], []]",1,9.2,0.00,9.18
aten::copy_,"[[512, 138], [512, 138], []]",1,9.2,0.00,9.18
aten::copy_,"[[512, 160], [512, 160], []]",1,9.2,0.00,9.18
aten::copy_,"[[512, 178], [512, 178], []]",1,9.1,0.00,9.14
aten::copy_,"[[512, 206], [512, 206], []]",1,9.1,0.00,9.14
aten::copy_,"[[512, 112], [512, 112], []]",1,9.1,0.00,9.14
aten::copy_,"[[512, 144], [512, 144], []]",1,9.1,0.00,9.14
aten::copy_,"[[512, 20], [512, 20], []]",1,9.1,0.00,9.14
aten::copy_,"[[512, 101], [512, 101], []]",1,9.1,0.00,9.14
aten::copy_,"[[512, 33], [512, 33], []]",1,9.1,0.00,9.14
aten::copy_,"[[512, 23], [512, 23], []]",1,9.1,0.00,9.10
aten::copy_,"[[512, 63], [512, 63], []]",1,9.1,0.00,9.10
aten::copy_,"[[512, 81], [512, 81], []]",1,9.1,0.00,9.10
aten::copy_,"[[512, 103], [512, 103], []]",1,9.1,0.00,9.10
aten::copy_,"[[512, 120], [512, 120], []]",1,9.1,0.00,9.10
aten::copy_,"[[512, 122], [512, 122], []]",1,9.1,0.00,9.10
aten::copy_,"[[512, 123], [512, 123], []]",1,9.1,0.00,9.10
aten::copy_,"[[512, 161], [512, 161], []]",1,9.1,0.00,9.10
aten::copy_,"[[512, 97], [512, 97], []]",1,9.1,0.00,9.06
aten::copy_,"[[512, 19], [512, 19], []]",1,9.1,0.00,9.06
aten::copy_,"[[512, 27], [512, 27], []]",1,9.1,0.00,9.06
aten::copy_,"[[512, 65], [512, 65], []]",1,9.1,0.00,9.06
aten::copy_,"[[512, 82], [512, 82], []]",1,9.1,0.00,9.06
aten::copy_,"[[512, 98], [512, 98], []]",1,9.1,0.00,9.06
aten::copy_,"[[512, 102], [512, 102], []]",1,9.1,0.00,9.06
aten::copy_,"[[512, 193], [512, 193], []]",1,9.1,0.00,9.06
aten::copy_,"[[512, 106], [512, 106], []]",1,9.0,0.00,9.02
aten::copy_,"[[512, 109], [512, 109], []]",1,9.0,0.00,9.02
aten::copy_,"[[512, 148], [512, 148], []]",1,9.0,0.00,9.02
aten::copy_,"[[512, 164], [512, 164], []]",1,9.0,0.00,9.02
aten::copy_,"[[512, 13], [512, 13], []]",1,9.0,0.00,9.02
aten::copy_,"[[512, 41], [512, 41], []]",1,9.0,0.00,9.02
aten::copy_,"[[512, 49], [512, 49], []]",1,9.0,0.00,9.02
aten::copy_,"[[512, 86], [512, 86], []]",1,9.0,0.00,9.02
aten::copy_,"[[512, 143], [512, 143], []]",1,9.0,0.00,9.02
aten::copy_,"[[512, 158], [512, 158], []]",1,9.0,0.00,9.02
aten::copy_,"[[512, 165], [512, 165], []]",1,9.0,0.00,9.02
aten::copy_,"[[512, 84], [512, 84], []]",1,9.0,0.00,9.02
aten::copy_,"[[512, 14], [512, 14], []]",1,9.0,0.00,9.02
aten::copy_,"[[512, 136], [512, 136], []]",1,9.0,0.00,9.02
aten::copy_,"[[512, 142], [512, 142], []]",1,9.0,0.00,9.02
aten::copy_,"[[512, 150], [512, 150], []]",1,9.0,0.00,9.02
aten::copy_,"[[512, 74], [512, 74], []]",1,9.0,0.00,8.98
aten::copy_,"[[512, 50], [512, 50], []]",1,9.0,0.00,8.98
aten::copy_,"[[512, 94], [512, 94], []]",1,9.0,0.00,8.98
aten::copy_,"[[512, 194], [512, 194], []]",1,9.0,0.00,8.98
aten::copy_,"[[512, 127], [512, 127], []]",1,9.0,0.00,8.98
aten::copy_,"[[512, 149], [512, 149], []]",1,9.0,0.00,8.98
aten::copy_,"[[512, 190], [512, 190], []]",1,9.0,0.00,8.98
aten::copy_,"[[512, 15], [512, 15], []]",1,9.0,0.00,8.98
aten::all,"[[512, 17]]",1,9.0,0.00,8.98
aten::copy_,"[[512, 31], [512, 31], []]",1,9.0,0.00,8.98
aten::copy_,"[[512, 139], [512, 139], []]",1,9.0,0.00,8.98
aten::all,"[[512, 20]]",1,8.9,0.00,8.94
aten::copy_,"[[512, 43], [512, 43], []]",1,8.9,0.00,8.94
aten::copy_,"[[512, 47], [512, 47], []]",1,8.9,0.00,8.94
aten::copy_,"[[512, 83], [512, 83], []]",1,8.9,0.00,8.94
aten::copy_,"[[512, 95], [512, 95], []]",1,8.9,0.00,8.94
aten::copy_,"[[512, 73], [512, 73], []]",1,8.9,0.00,8.94
aten::copy_,"[[512, 75], [512, 75], []]",1,8.9,0.00,8.94
aten::copy_,"[[512, 105], [512, 105], []]",1,8.9,0.00,8.94
aten::copy_,"[[512, 130], [512, 130], []]",1,8.9,0.00,8.94
aten::copy_,"[[512, 153], [512, 153], []]",1,8.9,0.00,8.94
aten::copy_,"[[512, 185], [512, 185], []]",1,8.9,0.00,8.94
aten::copy_,"[[512, 199], [512, 199], []]",1,8.9,0.00,8.94
aten::copy_,"[[512, 12], [512, 12], []]",1,8.9,0.00,8.94
aten::copy_,"[[512, 32], [512, 32], []]",1,8.9,0.00,8.94
aten::copy_,"[[512, 44], [512, 44], []]",1,8.9,0.00,8.94
aten::copy_,"[[512, 145], [512, 145], []]",1,8.9,0.00,8.90
aten::copy_,"[[512, 156], [512, 156], []]",1,8.9,0.00,8.90
aten::copy_,"[[512, 92], [512, 92], []]",1,8.9,0.00,8.90
aten::copy_,"[[512, 96], [512, 96], []]",1,8.9,0.00,8.90
aten::copy_,"[[512, 52], [512, 52], []]",1,8.9,0.00,8.90
aten::copy_,"[[512, 45], [512, 45], []]",1,8.9,0.00,8.90
aten::copy_,"[[512, 72], [512, 72], []]",1,8.9,0.00,8.90
aten::copy_,"[[512, 131], [512, 131], []]",1,8.9,0.00,8.90
aten::copy_,"[[512, 152], [512, 152], []]",1,8.9,0.00,8.90
aten::copy_,"[[512, 168], [512, 168], []]",1,8.9,0.00,8.90
aten::copy_,"[[512, 195], [512, 195], []]",1,8.9,0.00,8.90
aten::copy_,"[[512, 200], [512, 200], []]",1,8.9,0.00,8.90
aten::copy_,"[[512, 117], [512, 117], []]",1,8.9,0.00,8.86
aten::copy_,"[[512, 93], [512, 93], []]",1,8.9,0.00,8.86
aten::copy_,"[[512, 107], [512, 107], []]",1,8.9,0.00,8.86
aten::copy_,"[[512, 129], [512, 129], []]",1,8.9,0.00,8.86
aten::copy_,"[[512, 146], [512, 146], []]",1,8.9,0.00,8.86
aten::copy_,"[[512, 147], [512, 147], []]",1,8.9,0.00,8.86
aten::copy_,"[[512, 11], [512, 11], []]",1,8.9,0.00,8.86
aten::copy_,"[[512, 22], [512, 22], []]",1,8.9,0.00,8.86
aten::copy_,"[[512, 40], [512, 40], []]",1,8.9,0.00,8.86
aten::copy_,"[[512, 46], [512, 46], []]",1,8.9,0.00,8.86
aten::copy_,"[[512, 54], [512, 54], []]",1,8.9,0.00,8.86
aten::copy_,"[[512, 69], [512, 69], []]",1,8.9,0.00,8.86
aten::copy_,"[[512, 80], [512, 80], []]",1,8.9,0.00,8.86
aten::copy_,"[[512, 91], [512, 91], []]",1,8.9,0.00,8.86
aten::copy_,"[[512, 119], [512, 119], []]",1,8.9,0.00,8.86
aten::copy_,"[[512, 134], [512, 134], []]",1,8.9,0.00,8.86
aten::copy_,"[[512, 159], [512, 159], []]",1,8.9,0.00,8.86
aten::copy_,"[[512, 163], [512, 163], []]",1,8.9,0.00,8.86
aten::copy_,"[[512, 179], [512, 179], []]",1,8.9,0.00,8.86
aten::copy_,"[[512, 182], [512, 182], []]",1,8.9,0.00,8.86
aten::copy_,"[[512, 204], [512, 204], []]",1,8.9,0.00,8.86
aten::copy_,"[[512, 205], [512, 205], []]",1,8.9,0.00,8.86
aten::copy_,"[[512, 207], [512, 207], []]",1,8.8,0.00,8.82
aten::copy_,"[[512, 169], [512, 169], []]",1,8.8,0.00,8.82
aten::copy_,"[[512, 201], [512, 201], []]",1,8.8,0.00,8.82
aten::copy_,"[[512, 48], [512, 48], []]",1,8.8,0.00,8.82
aten::copy_,"[[512, 71], [512, 71], []]",1,8.8,0.00,8.82
aten::copy_,"[[512, 77], [512, 77], []]",1,8.8,0.00,8.82
aten::copy_,"[[512, 78], [512, 78], []]",1,8.8,0.00,8.82
aten::copy_,"[[512, 118], [512, 118], []]",1,8.8,0.00,8.82
aten::copy_,"[[512, 121], [512, 121], []]",1,8.8,0.00,8.82
aten::copy_,"[[512, 135], [512, 135], []]",1,8.8,0.00,8.82
aten::copy_,"[[512, 151], [512, 151], []]",1,8.8,0.00,8.82
aten::copy_,"[[512, 57], [512, 57], []]",1,8.8,0.00,8.82
aten::copy_,"[[512, 64], [512, 64], []]",1,8.8,0.00,8.82
aten::copy_,"[[512, 67], [512, 67], []]",1,8.8,0.00,8.82
aten::copy_,"[[512, 76], [512, 76], []]",1,8.8,0.00,8.82
aten::copy_,"[[512, 133], [512, 133], []]",1,8.8,0.00,8.82
aten::copy_,"[[512, 166], [512, 166], []]",1,8.8,0.00,8.82
aten::copy_,"[[512, 183], [512, 183], []]",1,8.8,0.00,8.82
aten::copy_,"[[512, 189], [512, 189], []]",1,8.8,0.00,8.82
aten::copy_,"[[512, 196], [512, 196], []]",1,8.8,0.00,8.82
aten::copy_,"[[512, 155], [512, 155], []]",1,8.8,0.00,8.78
aten::copy_,"[[512, 191], [512, 191], []]",1,8.8,0.00,8.78
aten::copy_,"[[512, 198], [512, 198], []]",1,8.8,0.00,8.78
aten::copy_,"[[512, 25], [512, 25], []]",1,8.8,0.00,8.78
aten::copy_,"[[512, 26], [512, 26], []]",1,8.8,0.00,8.78
aten::copy_,"[[512, 42], [512, 42], []]",1,8.8,0.00,8.78
aten::copy_,"[[512, 34], [512, 34], []]",1,8.8,0.00,8.78
aten::copy_,"[[512, 53], [512, 53], []]",1,8.8,0.00,8.78
aten::copy_,"[[512, 56], [512, 56], []]",1,8.8,0.00,8.78
aten::copy_,"[[512, 68], [512, 68], []]",1,8.8,0.00,8.78
aten::copy_,"[[512, 113], [512, 113], []]",1,8.8,0.00,8.78
aten::copy_,"[[512, 124], [512, 124], []]",1,8.8,0.00,8.78
aten::copy_,"[[512, 154], [512, 154], []]",1,8.8,0.00,8.78
aten::copy_,"[[512, 162], [512, 162], []]",1,8.8,0.00,8.78
aten::copy_,"[[512, 100], [512, 100], []]",1,8.7,0.00,8.74
aten::copy_,"[[512, 104], [512, 104], []]",1,8.7,0.00,8.74
aten::copy_,"[[512, 171], [512, 171], []]",1,8.7,0.00,8.74
aten::copy_,"[[512, 172], [512, 172], []]",1,8.7,0.00,8.74
aten::copy_,"[[512, 175], [512, 175], []]",1,8.7,0.00,8.74
aten::copy_,"[[512, 181], [512, 181], []]",1,8.7,0.00,8.74
aten::copy_,"[[512, 18], [512, 18], []]",1,8.7,0.00,8.74
aten::copy_,"[[512, 36], [512, 36], []]",1,8.7,0.00,8.74
aten::copy_,"[[512, 38], [512, 38], []]",1,8.7,0.00,8.74
aten::copy_,"[[512, 39], [512, 39], []]",1,8.7,0.00,8.74
aten::copy_,"[[512, 58], [512, 58], []]",1,8.7,0.00,8.74
aten::copy_,"[[512, 60], [512, 60], []]",1,8.7,0.00,8.74
aten::copy_,"[[512, 61], [512, 61], []]",1,8.7,0.00,8.74
aten::copy_,"[[512, 62], [512, 62], []]",1,8.7,0.00,8.74
aten::copy_,"[[512, 30], [512, 30], []]",1,8.7,0.00,8.74
aten::copy_,"[[512, 35], [512, 35], []]",1,8.7,0.00,8.74
aten::copy_,"[[512, 167], [512, 167], []]",1,8.7,0.00,8.74
aten::copy_,"[[512, 173], [512, 173], []]",1,8.7,0.00,8.74
aten::copy_,"[[512, 186], [512, 186], []]",1,8.7,0.00,8.74
aten::copy_,"[[512, 90], [512, 90], []]",1,8.7,0.00,8.70
aten::copy_,"[[512, 125], [512, 125], []]",1,8.7,0.00,8.70
aten::copy_,"[[512, 28], [512, 28], []]",1,8.7,0.00,8.70
aten::copy_,"[[512, 188], [512, 188], []]",1,8.7,0.00,8.70
aten::copy_,"[[512, 55], [512, 55], []]",1,8.7,0.00,8.70
aten::copy_,"[[512, 29], [512, 29], []]",1,8.7,0.00,8.70
aten::copy_,"[[512, 10], [512, 10], []]",1,8.7,0.00,8.70
aten::copy_,"[[512, 24], [512, 24], []]",1,8.7,0.00,8.66
aten::copy_,"[[512, 110], [512, 110], []]",1,8.7,0.00,8.66
aten::copy_,"[[512, 180], [512, 180], []]",1,8.7,0.00,8.66
aten::copy_,"[[512, 184], [512, 184], []]",1,8.7,0.00,8.66
aten::copy_,"[[512, 192], [512, 192], []]",1,8.7,0.00,8.66
aten::copy_,"[[512, 170], [512, 170], []]",1,8.7,0.00,8.66
aten::copy_,"[[512, 177], [512, 177], []]",1,8.7,0.00,8.66
aten::copy_,"[[512, 137], [512, 137], []]",1,8.7,0.00,8.66
aten::copy_,"[[512, 157], [512, 157], []]",1,8.6,0.00,8.62
aten::copy_,"[[512, 187], [512, 187], []]",1,8.6,0.00,8.58
aten::copy_,"[[512, 37], [512, 37], []]",1,8.6,0.00,8.58
aten::bitwise_not,[[]],2,8.6,0.00,4.29
aten::copy_,"[[512, 202], [512, 202], []]",1,8.6,0.00,8.58
aten::copy_,"[[512, 176], [512, 176], []]",1,8.5,0.00,8.54
aten::copy_,"[[512, 70], [512, 70], []]",1,8.5,0.00,8.54
aten::copy_,"[[512, 114], [512, 114], []]",1,8.5,0.00,8.50
aten::copy_,"[[512, 174], [512, 174], []]",1,8.5,0.00,8.50
aten::copy_,"[[512, 21], [512, 21], []]",1,8.5,0.00,8.50
aten::copy_,"[[512, 197], [512, 197], []]",1,8.5,0.00,8.50
aten::all,"[[512, 11]]",1,8.3,0.00,8.26
aten::all,"[[512, 10]]",1,8.0,0.00,8.02
aten::all,"[[512, 14]]",1,8.0,0.00,7.98
aten::fill_,"[[1], []]",2,7.9,0.00,3.93
aten::any,"[[512, 9, 1], [], []]",1,7.6,0.00,7.62
aten::fill_,"[[512, 9], []]",2,7.5,0.00,3.77
aten::any,"[[512, 9]]",1,7.3,0.00,7.26
aten::eq,"[[1, 1], [1, 1]]",2,6.9,0.00,3.45
aten::sum,"[[512], []]",1,6.1,0.00,6.09
aten::lt,"[[1], []]",1,5.9,0.00,5.93
aten::copy_,"[[1], [1], []]",4,5.9,0.00,1.47
aten::ne,"[[512, 9], []]",1,5.8,0.00,5.77
aten::eq,"[[512, 9, 1], [1, 1, 1]]",1,5.7,0.00,5.65
aten::masked_fill_,"[[512, 9], [512, 9], []]",1,5.0,0.00,5.01
aten::cumsum,"[[512, 9], [], []]",1,4.9,0.00,4.89
aten::mul,"[[], []]",1,4.5,0.00,4.53
aten::add,"[[512, 9], [512, 9], []]",1,4.1,0.00,4.13
aten::eq,"[[512], []]",1,4.0,0.00,3.97
aten::sub,"[[512, 9], [], []]",1,4.0,0.00,3.97
aten::eq,"[[512, 9], []]",1,3.1,0.00,3.13
aten::gt,"[[], []]",1,2.8,0.00,2.81
